{
    "ip": "192.168.10.7",
    "port": 3000,
    "user": "user",
    "pwd": "pass",
    "user_is_rider": true,
    "user_zid": "416001",
    "map": "test1",
    "start_time": "183200",
    "team_leader": 192528,
    "team_class": "espresso",
    "turn_timer_active": false,
    "turns_sequence_name": [
        "J. Carvalho",
        "J. Nunes"
    ],
    "riders": [
        {
            "name": "K Endo",
            "zid": 192528,
            "ftp": 285,
            "ftp5m": 334,
            "ftp20m": 295,
            "weight": 61,
            "active": true
        },
        {
            "name": "MGW",
            "zid": 403098,
            "ftp": 300,
            "ftp5m": 413,
            "ftp20m": 316,
            "weight": 65,
            "active": true
        },
        {
            "name": "M Inoue",
            "zid": 1108562,
            "ftp": 305,
            "ftp5m": 375,
            "ftp20m": 321,
            "weight": 77,
            "active": true
        },
        {
            "name": "Kogaaaa",
            "zid": 447765,
            "ftp": 315,
            "ftp5m": 387,
            "ftp20m": 334,
            "weight": 74,
            "active": true
        },
        {
            "name": "Y Numa",
            "zid": 779819,
            "ftp": 255,
            "ftp5m": 302,
            "ftp20m": 265,
            "weight": 58,
            "active": true
        },
        {
            "name": "D Fucs",
            "zid": 47334,
            "ftp": 335,
            "ftp5m": 403,
            "ftp20m": 355,
            "weight": 74,
            "active": true
        },
        {
            "name": "C Mitchell",
            "zid": 302392,
            "ftp": 320,
            "ftp5m": 366,
            "ftp20m": 338,
            "weight": 82,
            "active": true
        }
    ],
    "other_teams": [
       
    ]
}