{
	"ip": "192.168.10.7",
	"port": 3000,
	"user": "_zwift_user_",
	"pwd": "_zwift_pass_",
	
	"user_is_rider": true,
	"user_zid": "416001",
	
	"map": "test1",
	"start_time": "181500",
	
	"team_leader": "416001",
	
	"turn_timer_active": true,
	"turns_sequence_name": ["J. Carvalho", "J. Nunes"],
	
	"riders": [	
		{
			"zid": 416001,
			"name": "J. Carvalho",
			"weigth": 75,
			"active": true
		},
		{
			"zid": 1471758,
			"name": "J. Nunes",
			"weigth": 79,
			"active": true
		},
		{
			"zid": 272271,
			"name": "Rafael M.",
			"weigth": 68,
			"active": true
		},
		{
			"zid": 589694,
			"name": "André S.",
			"weigth": 82,
			"active": true
		},
		{
			"zid": 520670,
			"name": "A. Viana",
			"weigth": 63,
			"active": true
		},
		{
			"zid": 159892,
			"name": "J Sousa",
			"weigth": 67,
			"active": false
		},
		{
			"zid": 256089,
			"name": "J. Inocentes",
			"weigth": 79,
			"active": false
		},
		{
			"zid": 2050391,
			"name": "Joice C.",
			"weigth": 85,
			"active": true
		},
		{
			"zid": 1453182,
			"name": "F. Costa",
			"weigth": 67,
			"active": false
		},
		{
			"zid": 333722,
			"name": "A. Rosa",
			"weigth": 73,
			"active": false
		},
		{
			"zid": 2627867,
			"name": "F. Madeira",
			"weigth": 70,
			"active": false
		},
		{
			"zid": 1556920,
			"name": "Zé Pereira",
			"weigth": 73,
			"active": false
		},
		{
			"zid": 235539,
			"name": "P. Matos",
			"weigth": 70,
			"active": true
		},
		{
			"zid": 1345371,
			"name": "D. Barroso",
			"weigth": 82,
			"active": false
		},
		{
			"zid": 1673932,
			"name": "A. Poço",
			"weigth": 76,
			"active": false
		},
		{
			"zid": 1147685,
			"name": "C. Costa",
			"weigth": 65,			
			"active": false
		},
		{
			"zid": 355653,
			"name": "G. Afonso",
			"weigth": 72,
			"active": true
		},
		{
			"zid": 1001968,
			"name": "J. Couto",
			"weigth": 75,
			"active": false
		}
	],
	"other_teams": [
		{
			"team_leader": 745686,
			"name": "R3R", 
			"active": true
		},
		{
			"team_leader": 761373,
			"name": "R3R S.",
			"active": false
		},
		{
			"team_leader": 2667469,
			"name": "CLS",
			"active": false
		},
		{
			"team_leader": 358286,
			"name": "VEGAN",
			"active": false
		},
		{
			"team_leader": 207397,
			"name": "ZS - Jup.",
			"active": false
		},
		{
			"team_leader": 488519,
			"name": "ZS - Sat.",
			"active": false
		},
		{
			"team_leader": 1610367,
			"name": "C-GEN T.",
			"active": false
		},
		{
			"team_leader": 66739,
			"name": "C-GEN H.",
			"active": false
		},
		{
			"team_leader": 1108764,
			"name": "INC A. Exp.",
			"active": true
		},
		{
			"team_leader": 420979,
			"name": "EVO V. 1",
			"active": true
		},
		{
			"team_leader": 52899,
			"name": "EVO V. 4",
			"active": false
		},
		{
			"team_leader": 202546,
			"name": "R&K Gaz.",
			"active": false
		},
		{
			"team_leader": 217622,
			"name": "DBR Team",
			"active": false
		},
		{
			"team_leader": 334454,
			"name": "TFC Thyp.",
			"active": false
		},
		{
			"team_leader": 463773,
			"name": "BRT T.",
			"active": false
		},
		{
			"team_leader": 755441,
			"name": "INC A. Bat.",
			"active": false
		},
		{
			"team_leader": 57004,
			"name": "KISS",
			"active": true
		},
		{
			"team_leader": 226769,
			"name": "DIRT",
			"active": true
		},
		{
			"team_leader": 859098,
			"name": "TT1",
			"active": false
		},
		{
			"team_leader": 1028892,
			"name": "Vikings",
			"active": true
		},
		{
			"team_leader": 1692807,
			"name": "England CC",
			"active": true
		},
		{
			"team_leader": 643959,
			"name": "Kirchmair",
			"active": true
		},
		{
			"team_leader": 0,
			"name": "TEST_COMPLETE",
			"marks": [10,60,70,180,2000,2500,3000,3500,4000],
			"active": true
		}
	]
	
}