{
	"name": "Astoria 8",
	"distance": 35050,
	"reverse": false,
	"lines": [
		{
			"name": "Start",
			"roadTime": 1
		},
		{
			"name": "4km",
			"limit1": 3000,
			"limit2": 5000,
			"world": 6,
			"roadID": 4,
			"roadTime": 505880
		},
		{
			"name": "8km",
			"limit1": 7000,
			"limit2": 9000,
			"world": 6,
			"roadID": 16,
			"roadTime": 871019
		},
		{
			"name": "Lap 1",
			"limit1": 10000,
			"limit2": 13000,
			"world": 6,
			"roadID": 4,
			"roadTime": 173264
		},
		{
			"name": "15.7km",
			"limit1": 14000,
			"limit2": 17000,
			"world": 6,
			"roadID": 4,
			"roadTime": 505881
		},
		{
			"name": "19.7km",
			"limit1": 18000,
			"limit2": 21000,
			"world": 6,
			"roadID": 16,
			"roadTime": 871018
		},
		{
			"name": "Lap 2",
			"limit1": 22000,
			"limit2": 25000,
			"world": 6,
			"roadID": 4,
			"roadTime": 173263
		},
		{
			"name": "27.4km",
			"limit1": 26000,
			"limit2": 29000,
			"world": 6,
			"roadID": 4,
			"roadTime": 505878
		},
		{
			"name": "31.4km",
			"limit1": 30000,
			"limit2": 33000,
			"world": 6,
			"roadID": 16,
			"roadTime": 871017
		},
		{
			"name": "End",
			"limit1": 34000,
			"limit2": 37000,
			"world": 6,
			"roadID": 4,
			"roadTime": 173262
		}
	]
}