{
	"name": "Astoria 8",
	"distance": 34900,
	"reverse": false,
	"lines": [
		{
			"name": "Start",
			"roadTime": 1
		},
		{
			"name": "4km",
			"limit1": 3500,
			"limit2": 4500,
			"world": 6,
			"roadID": 4,
			"roadTime": 505880
		},
		{
			"name": "8.2km",
			"limit1": 7700,
			"limit2": 8700,
			"world": 6,
			"roadID": 6,
			"roadTime": 480997
		},
		{
			"name": "Lap 1",
			"limit1": 10500,
			"limit2": 12500,
			"world": 6,
			"roadID": 4,
			"roadTime": 173264
		},
		{
			"name": "15.7km",
			"limit1": 14500,
			"limit2": 16500,
			"world": 6,
			"roadID": 4,
			"roadTime": 505879
		},
		{
			"name": "19.9km",
			"limit1": 18700,
			"limit2": 20700,
			"world": 6,
			"roadID": 6,
			"roadTime": 480996
		},
		{
			"name": "Lap 2",
			"limit1": 22500,
			"limit2": 24500,
			"world": 6,
			"roadID": 4,
			"roadTime": 173263
		},
		{
			"name": "27.3km",
			"limit1": 26500,
			"limit2": 28000,
			"world": 6,
			"roadID": 4,
			"roadTime": 505878
		},
		{
			"name": "31.4km",
			"limit1": 30700,
			"limit2": 32200,
			"world": 6,
			"roadID": 6,
			"roadTime": 480995
		},
		{
			"name": "End",
			"limit1": 34000,
			"limit2": 36500,
			"world": 6,
			"roadID": 4,
			"roadTime": 173262
		}
	]
}
