{
	"name": "R.G.V.",
	"distance": 25050,
	"reverse": false,
	"lines": [
		{
			"name": "Start",
			"roadTime": 1
		},
		{
			"name": "3km",
			"roadTime": 3000
		},
		{
			"name": "6km",
			"roadTime": 6000
		},
		{
			"name": "9km",
			"roadTime": 9000
		},
		{
			"name": "12km",
			"roadTime": 12000
		},
		{
			"name": "15km",
			"roadTime": 15000
		},
		{
			"name": "18km",
			"roadTime": 18000
		},
		{
			"name": "21km",
			"roadTime": 21000
		},
		{
			"name": "23km",
			"roadTime": 23000
		},
		{
			"name": "End",
			"roadTime": 25050
		}
	]
}
